NOME-COMPLETO-DO-AUTOR,NOME-PARA-CITACAO,ORDEM-DE-AUTORIA,NRO-ID-CNPQ,TRABALHO-EM-EVENTOS_Id,ARTIGO-PUBLICADO_Id,OUTRA-PRODUCAO-BIBLIOGRAFICA_Id,SOFTWARE_Id,PATENTE_Id,PROCESSOS-OU-TECNICAS_Id,APRESENTACAO-DE-TRABALHO_Id,CURSO-DE-CURTA-DURACAO-MINISTRADO_Id,DESENVOLVIMENTO-DE-MATERIAL-DIDATICO-OU-INSTRUCIONAL_Id,ORGANIZACAO-DE-EVENTO_Id
"Edson Borin","BORIN, E.","1","",0,,,,,,,,,
"Cheng Wang","WANG, C.","2","",0,,,,,,,,,
"Youfeng Wu","WU, Y.","3","",0,,,,,,,,,
"Guido Araújo","ARAUJO, G.","4","8683914780987242",0,,,,,,,,,
"Edson Borin","BORIN, E.","1","",1,,,,,,,,,
"Felipe Klein","KLEIN, F.","2","1606941011950531",1,,,,,,,,,
"Nahri Moreano","MOREANO, N.","3","7109611749276343",1,,,,,,,,,
"Rodolfo Azevedo","AZEVEDO, R.","4","2046981671187343",1,,,,,,,,,
"Guido Araújo","ARAUJO, G.","5","8683914780987242",1,,,,,,,,,
"Paulo Castro","CASTRO, P.","1","",2,,,,,,,,,
"Edson Borin","BORIN, E.","2","",2,,,,,,,,,
"Rodolfo Azevedo","AZEVEDO, R.","3","2046981671187343",2,,,,,,,,,
"Guido Araújo","ARAUJO, G.","4","8683914780987242",2,,,,,,,,,
"Edson Borin","BORIN, E.","1","",3,,,,,,,,,
"Mauricio Breternitz Jr.","BRETERNITZ JR., M","2","",3,,,,,,,,,
"Youfeng Wu","WU, Y.","3","",3,,,,,,,,,
"Guido Araújo","ARAUJO, G.","4","8683914780987242",3,,,,,,,,,
"João Paulo Porto","PORTO, J. P.","1","6749787014203446",4,,,,,,,,,
"Guido Araújo","ARAUJO, G.","2","8683914780987242",4,,,,,,,,,
"Youfeng Wu","WU, Y.","3","",4,,,,,,,,,
"Edson Borin","BORIN, E.","4","",4,,,,,,,,,
"Cheng Wang","WANG, C.","5","",4,,,,,,,,,
"Cheng Wang","WANG, C.","1","",5,,,,,,,,,
"Youfeng Wu","WU, Y.","2","",5,,,,,,,,,
"Edson Borin","BORIN, E.","3","",5,,,,,,,,,
"Shiliang Hu","HU, S.","4","",5,,,,,,,,,
"Wei Liu","LIU, W.","5","",5,,,,,,,,,
"Dave Sager","SAGER, D.","6","",5,,,,,,,,,
"Tin-fook Ngai","NGAI, T.","7","",5,,,,,,,,,
"Jesse Fang","FANG, J.","8","",5,,,,,,,,,
"Cheng Wang","WANG, C.","1","",6,,,,,,,,,
"Youfeng Wu","WU, Y.","2","",6,,,,,,,,,
"Edson Borin","BORIN, E.","3","",6,,,,,,,,,
"Shiliang Hu","HU, S.","4","",6,,,,,,,,,
"Wei Liu","LIU, W.","5","",6,,,,,,,,,
"Tin-fook Ngai","NGAI, T.","6","",6,,,,,,,,,
"Jesse Fang","FANG, J.","7","",6,,,,,,,,,
"Edson Borin","BORIN, E.","1","",7,,,,,,,,,
"Youfeng Wu","WU, Y.","2","",7,,,,,,,,,
"Edson Borin","BORIN, E.","1","",8,,,,,,,,,
"Youfeng Wu","WU, Y.","2","",8,,,,,,,,,
"Edson Borin","BORIN, E.","1","",9,,,,,,,,,
"Youfeng Wu","WU, Y.","2","",9,,,,,,,,,
"Cheng Wang","WANG, C.","3","",9,,,,,,,,,
"Wei Liu","LIU, W.","4","",9,,,,,,,,,
"Mauricio Breternitz Jr.","BRETERNITZ JR., M","5","",9,,,,,,,,,
"Shiliang Hu","HU, S.","6","",9,,,,,,,,,
"Esfir Natanzon","NATANZON, ESFIR","7","",9,,,,,,,,,
"Shai Rotem","ROTEM, SHAI","8","",9,,,,,,,,,
"Roni Rosner","ROSNER, RONI","9","",9,,,,,,,,,
"Edson Borin","BORIN, E.","1","",10,,,,,,,,,
"Youfeng Wu","WU, Y.","2","",10,,,,,,,,,
"Mauricio Breternitz Jr.","BRETERNITZ JR., M","3","",10,,,,,,,,,
"Cheng Wang","WANG, C.","4","",10,,,,,,,,,
"Youfeng Wu","WU, Y.","1","",11,,,,,,,,,
"Shiliang Hu","HU, S.","2","",11,,,,,,,,,
"Edson Borin","BORIN, E.","3","",11,,,,,,,,,
"Cheng Wang","WANG, C.","4","",11,,,,,,,,,
"Wesley Attrot","ATTROT, W.","1","5644676140910061",12,,,,,,,,,
"Daniel Nicácio","NICÁCIO, D.","2","",12,,,,,,,,,
"Edson Borin","BORIN, E.","3","",12,,,,,,,,,
"Sandro Rigo","RIGO, S.","4","8308517667746974",12,,,,,,,,,
"Guido Araújo","ARAUJO, G.","5","8683914780987242",12,,,,,,,,,
"João Paulo Porto","PORTO, J. P.","1","6749787014203446",13,,,,,,,,,
"Guido Araújo","ARAUJO, G.","2","8683914780987242",13,,,,,,,,,
"Edson Borin","BORIN, E.","3","",13,,,,,,,,,
"Youfeng Wu","WU, Y.","4","",13,,,,,,,,,
"Edson Borin","BORIN, E.","1","",14,,,,,,,,,
"Guido Araújo","ARAUJO, G.","2","8683914780987242",14,,,,,,,,,
"Mauricio Breternitz Jr.","BRETERNITZ JR., M","3","",14,,,,,,,,,
"Youfeng Wu","WU, Y.","4","",14,,,,,,,,,
"Daniel Carlos Guimarães Pedronette","PEDRONETTE, D. C. G.","1","3363615000303340",15,,,,,,,,,
"Ricardo da Silva Torres","TORRES, R. S.","2","3790201696145434",15,,,,,,,,,
"Edson Borin","BORIN, E.","3","",15,,,,,,,,,
"Daniel Carlos Guimarães Pedronette","PEDRONETTE, D. C. G.","1","3363615000303340",16,,,,,,,,,
"Ricardo da Silva Torres","TORRES, R. S.","2","3790201696145434",16,,,,,,,,,
"Edson Borin","BORIN, E.","3","",16,,,,,,,,,
"Mauricio Breternitz Jr.","BRETERNITZ JR., M","4","",16,,,,,,,,,
"Caian Benedicto","BENEDICTO, C.","1","",17,,,,,,,,,
"Edson Borin","BORIN, E.","2","",17,,,,,,,,,
"João Batista Corrêa Gomes Moreira","MOREIRA, J. B. C. G.","1","6120040174866328",18,,,,,,,,,
"Divino César Soares Lucas","LUCAS, D. C. S.","2","5784915197936745",18,,,,,,,,,
"Guido Araújo","ARAUJO, G.","3","8683914780987242",18,,,,,,,,,
"Edson Borin","BORIN, E.","4","",18,,,,,,,,,
"Sandro Rigo","RIGO, S.","5","8308517667746974",18,,,,,,,,,
"Marcelo Guedes","GUEDES, M.","1","",19,,,,,,,,,
"Rafael Auler","AULER, R.","2","5072043911907640",19,,,,,,,,,
"Edson Borin","BORIN, E.","3","",19,,,,,,,,,
"Rodolfo Azevedo","AZEVEDO, R.","4","2046981671187343",19,,,,,,,,,
"Rafael Auler","AULER, R.","1","5072043911907640",20,,,,,,,,,
"Paulo Cesar Centoducatte","CENTODUCATTE, P. C.","2","0758877444698557",20,,,,,,,,,
"Edson Borin","BORIN, E.","3","",20,,,,,,,,,
"Raphael Zinsly","ZINSLY, R.","1","3604119831374240",21,,,,,,,,,
"Sandro Rigo","RIGO, S.","2","8308517667746974",21,,,,,,,,,
"Edson Borin","BORIN, E.","3","",21,,,,,,,,,
"Gabriel Ferreira Teles Gomes","GOMES, G. F. T.","1","",22,,,,,,,,,
"Edson Borin","BORIN, E.","2","",22,,,,,,,,,
"Divino César Soares Lucas","LUCAS, D. C. S.","1","5784915197936745",23,,,,,,,,,
"Guido Araújo","ARAUJO, G.","2","8683914780987242",23,,,,,,,,,
"Edson Borin","BORIN, E.","3","",23,,,,,,,,,
"Edson Borin","BORIN, E.","1","",24,,,,,,,,,
"Philippe Remy Bernard Devloo","DEVLOO, P. R. B.","2","6051486998967925",24,,,,,,,,,
"Leonardo de Paula Rosa Piga","PIGA, L. P. R.","1","",25,,,,,,,,,
"Gabriel Ferreira Teles Gomes","GOMES, G. F. T.","2","",25,,,,,,,,,
"Rafael Auler","AULER, R.","3","5072043911907640",25,,,,,,,,,
"Bruno Rosa","ROSA, B.","4","6794676143753512",25,,,,,,,,,
"Sandro Rigo","RIGO, S.","5","8308517667746974",25,,,,,,,,,
"Edson Borin","BORIN, E.","6","",25,,,,,,,,,
"Divino César Soares Lucas","LUCAS, D. C. S.","1","5784915197936745",26,,,,,,,,,
"Rafael Auler","AULER, R.","2","5072043911907640",26,,,,,,,,,
"Rafael Dalibera","DALIBERA, R.","3","",26,,,,,,,,,
"Sandro Rigo","RIGO, S.","4","8308517667746974",26,,,,,,,,,
"Edson Borin","BORIN, E.","5","",26,,,,,,,,,
"Guido Araujo","ARAUJO, G.","6","8683914780987242",26,,,,,,,,,
"Bruno Cardoso","CARDOSO, B.","1","",27,,,,,,,,,
"Rafael Auler","AULER, R.","2","5072043911907640",27,,,,,,,,,
"Rodolfo Azevedo","AZEVEDO, R.","3","2046981671187343",27,,,,,,,,,
"Edson Borin","BORIN, E.","4","",27,,,,,,,,,
"Flávia Pisani","PISANI, F.","1","",28,,,,,,,,,
"Daniel Carlos Guimarães Pedronette","PEDRONETTE, D. C. G.","2","3363615000303340",28,,,,,,,,,
"Ricardo da Silva Torres","TORRES, R. S.","3","3790201696145434",28,,,,,,,,,
"Edson Borin","BORIN, E.","4","",28,,,,,,,,,
"Caian Benedicto","BENEDICTO, C.","1","",29,,,,,,,,,
"Gilvan Vieira","VIEIRA, G.","2","",29,,,,,,,,,
"Philippe Remy Bernard Devloo","DEVLOO, P. R. B.","3","6051486998967925",29,,,,,,,,,
"Edson Borin","BORIN, E.","4","",29,,,,,,,,,
"Gilberto Luis Valente da Costa","COSTA, G. L. V.","1","",30,,,,,,,,,
"Marco Lúcio Bittencourt","BITTENCOURT, M. L.","2","",30,,,,,,,,,
"Edson Borin","BORIN, E.","3","",30,,,,,,,,,
"Mario Hato","HATO, M.","1","",31,,,,,,,,,
"Rodolfo Azevedo","AZEVEDO, R.","2","2046981671187343",31,,,,,,,,,
"Edson Borin","BORIN, E.","3","",31,,,,,,,,,
"Daniel Carlos Guimarães Pedronette","PEDRONETTE, D. C. G.","1","3363615000303340",32,,,,,,,,,
"Ricardo da Silva Torres","TORRES, R. S.","2","3790201696145434",32,,,,,,,,,
"Edson Borin","BORIN, E.","3","",32,,,,,,,,,
"Mauricio Breternitz Jr.","BRETERNITZ JR., M","4","",32,,,,,,,,,
"AULER, RAFAEL","AULER, RAFAEL","1","5072043911907640",33,,,,,,,,,
"Edson Borin","BORIN, E.","2","",33,,,,,,,,,
"Peli de Halleux","HALLEUX, P.","3","",33,,,,,,,,,
"Michal Moskal","MOSKAL, M.","4","",33,,,,,,,,,
"Nikolai Tillmann","TILLMANN, N.","5","",33,,,,,,,,,
"Alexandro José Baldassin","BALDASSIN, A. J.","1","4738829911864396",34,,,,,,,,,
"Edson Borin","BORIN, E.","2","",34,,,,,,,,,
"Guido Araujo","ARAUJO, G.","3","8683914780987242",34,,,,,,,,,
"Guilherme Piccoli","PICCOLI, G.","1","8459976191441633",35,,,,,,,,,
"Henrique Nazare Santos","SANTOS, H. N.","2","",35,,,,,,,,,
"Raphael Rodrigues","RODRIGUES, R.","3","",35,,,,,,,,,
"Christiane Pousa","POUSA, C.","4","",35,,,,,,,,,
"Edson Borin","BORIN, E.","5","",35,,,,,,,,,
"Fernando Magno Quintão Pereira","PEREIRA, F. M. Q.","6","4608001746330875",35,,,,,,,,,
"João Batista Corrêa Gomes Moreira","MOREIRA, J. B. C. G.","1","6120040174866328",36,,,,,,,,,
"Lucas Teixeira","TEIXEIRA, L.","2","",36,,,,,,,,,
"Edson Borin","BORIN, E.","3","",36,,,,,,,,,
"Sandro Rigo","RIGO, S.","4","8308517667746974",36,,,,,,,,,
"Alexandro José Baldassin","BALDASSIN, A. J.","1","4738829911864396",37,,,,,,,,,
"Edson Borin","BORIN, EDSON","2","",37,,,,,,,,,
"Guido Araujo","ARAUJO, G.","3","8683914780987242",37,,,,,,,,,
"AULER, RAFAEL","AULER, RAFAEL","1","5072043911907640",38,,,,,,,,,
"Edson Borin","BORIN, EDSON","2","",38,,,,,,,,,
"Edson Borin","BORIN, EDSON","1","",39,,,,,,,,,
"Alber Tabone Novo","NOVO, A. T.","2","",39,,,,,,,,,
"Ian Rodrigues","RODRIGUES, I.","3","",39,,,,,,,,,
"João Sacramento","SACRAMENTO, J.","4","",39,,,,,,,,,
"Jorge Faccipieri","FACCIPIERI, J.","5","",39,,,,,,,,,
"Martin Tygel","TYGEL, M.","6","",39,,,,,,,,,
"Lucas Pascotti Valem","VALEM, L. P.","1","",40,,,,,,,,,
"Daniel Carlos Guimarães Pedronette","PEDRONETTE, D. C. G.","2","3363615000303340",40,,,,,,,,,
"Ricardo da Silva Torres","TORRES, R. S.","3","3790201696145434",40,,,,,,,,,
"Edson Borin","BORIN, E.","4","",40,,,,,,,,,
"Jurandy Almeida","ALMEIDA, J.","5","4495269939725770",40,,,,,,,,,
"Edson Borin","BORIN, EDSON","1","",41,,,,,,,,,
"RODRIGUES, IAN L.","RODRIGUES, IAN L.","2","",41,,,,,,,,,
"NOVO, ALBER T.","NOVO, ALBER T.","3","",41,,,,,,,,,
"SACRAMENTO, JOÃO D.","SACRAMENTO, JOÃO D.","4","",41,,,,,,,,,
"BRETERNITZ, MAURICIO","BRETERNITZ, MAURICIO","5","",41,,,,,,,,,
"TYGEL, MARTIN","TYGEL, MARTIN","6","",41,,,,,,,,,
"Carlos Millani","MILLANI, C.","1","",42,,,,,,,,,
"Alisson Linhares","LINHARES, A.","2","",42,,,,,,,,,
"Rafael Auler","AULER, R.","3","5072043911907640",42,,,,,,,,,
"Edson Borin","BORIN, EDSON","4","",42,,,,,,,,,
"Flávia Pisani","PISANI, F.","1","",43,,,,,,,,,
"Daniel Carlos Guimarães Pedronette","PEDRONETTE, D. C. G.","2","3363615000303340",43,,,,,,,,,
"Ricardo da Silva Torres","TORRES, R. S.","3","3790201696145434",43,,,,,,,,,
"Edson Borin","BORIN, E.","4","",43,,,,,,,,,
"Bruno Cardoso Lopes","LOPES, B. C.","1","",44,,,,,,,,,
"Rafael Auler","AULER, R.","2","5072043911907640",44,,,,,,,,,
"Luiz Ramos","RAMOS, L.","3","",44,,,,,,,,,
"Edson Borin","BORIN, E.","4","",44,,,,,,,,,
"Rodolfo Azevedo","AZEVEDO, R.","5","2046981671187343",44,,,,,,,,,
"Edson Borin","BORIN, EDSON","1","",45,,,,,,,,,
"Caian Benedicto","BENEDICTO, C.","2","",45,,,,,,,,,
"RODRIGUES, IAN L.","RODRIGUES, IAN L.","3","",45,,,,,,,,,
"Flávia Pisani","PISANI, F.","4","",45,,,,,,,,,
"TYGEL, MARTIN","TYGEL, MARTIN","5","",45,,,,,,,,,
"BRETERNITZ, MAURICIO","BRETERNITZ, MAURICIO","6","",45,,,,,,,,,
"Rafael Schmid","SCHMID, R.","1","",46,,,,,,,,,
"Edson Borin","BORIN, EDSON","2","",46,,,,,,,,,
"Flávia Pisani","PISANI, F.","3","",46,,,,,,,,,
"Edson Norberto Caceres","CACERES, E. N.","4","",46,,,,,,,,,
"Hércules Cardoso da Silva","SILVA, H. C.","1","",47,,,,,,,,,
"Flávia Pisani","PISANI, F.","2","",47,,,,,,,,,
"Edson Borin","BORIN, EDSON","3","",47,,,,,,,,,
"Alcides Goldoni Junior","GOLDONI JUNIOR, A.","1","",48,,,,,,,,,
"Edson Borin","BORIN, E.","2","",48,,,,,,,,,
"Diego de Freitas Aranha","ARANHA, D. F.","3","",48,,,,,,,,,
"Bruno Cardoso Lopes","LOPES, B. C.","1","",49,,,,,,,,,
"Rafael Auler","AULER, R.","2","5072043911907640",49,,,,,,,,,
"Edson Borin","BORIN, E.","3","",49,,,,,,,,,
"Rodolfo Jardim de Azevedo","AZEVEDO, R. J.","4","",49,,,,,,,,,
"Joao H. S. Hoffmam","HOFFMAM, J. H. S.","1","",50,,,,,,,,,
"Tiago Barros","BARROS, T.","2","",50,,,,,,,,,
"Sandro Rigo","RIGO, S.","3","8308517667746974",50,,,,,,,,,
"Edson Borin","BORIN, E.","4","",50,,,,,,,,,
"DIENER, MATTHIAS","DIENER, MATTHIAS","1","",51,,,,,,,,,
"CRUZ, EDUARDO H. M.","CRUZ, EDUARDO H. M.","2","",51,,,,,,,,,
"ALVES, MARCO A. Z.","ALVES, MARCO A. Z.","3","",51,,,,,,,,,
"Edson Borin","BORIN, EDSON","4","",51,,,,,,,,,
"NAVAUX, PHILIPPE O. A.","NAVAUX, PHILIPPE O. A.","5","",51,,,,,,,,,
"Caian Benedicto","BENEDICTO, C.","1","",52,,,,,,,,,
"RODRIGUES, IAN L.","RODRIGUES, IAN L.","2","",52,,,,,,,,,
"TYGEL, MARTIN","TYGEL, MARTIN","3","",52,,,,,,,,,
"BRETERNITZ, MAURICIO","BRETERNITZ, MAURICIO","4","",52,,,,,,,,,
"Edson Borin","BORIN, EDSON","5","",52,,,,,,,,,
"Erik de Godoy Perillo","PERILLO, E. G.","1","",53,,,,,,,,,
"Edson Borin","BORIN, EDSON","2","",53,,,,,,,,,
"Gabriel K. Bertazi","BERTAZI, G. K.","1","3118868194488436",54,,,,,,,,,
"Anderson Faustino da Silva","SILVA, A. F.","2","",54,,,,,,,,,
"Edson Borin","BORIN, E.","3","",54,,,,,,,,,
"Edson Borin","BORIN, E.","1","",,0,,,,,,,,
"Cheng Wang","WANG, C.","2","",,0,,,,,,,,
"Youfeng Wu","WU, Y.","3","",,0,,,,,,,,
"Guido Araújo","ARAUJO, G.","4","8683914780987242",,0,,,,,,,,
"Edson Borin","BORIN, E.","1","",,1,,,,,,,,
"Guido Araújo","ARAUJO, G.","2","8683914780987242",,1,,,,,,,,
"Mauricio Breternitz Jr.","BRETERNITZ JR., M","3","",,1,,,,,,,,
"Youfeng Wu","WU, Y.","4","",,1,,,,,,,,
"Nahri Moreano","MOREANO, N.","1","7109611749276343",,2,,,,,,,,
"Edson Borin","BORIN, E.;BORIN, EDSON","2","4176915322233893",,2,,,,,,,,
"Cid Carvalho de Souza","SOUZA, Cid Carvalho de","3","9852157976516603",,2,,,,,,,,
"Guido Araujo","ARAUJO, G.","4","8683914780987242",,2,,,,,,,,
"GUEDES, MARCELO","GUEDES, MARCELO","1","3464291486158377",,3,,,,,,,,
"AULER, RAFAEL","AULER, RAFAEL","2","5072043911907640",,3,,,,,,,,
"DUENHA, LIANA","DUENHA, LIANA","3","8872648473020443",,3,,,,,,,,
"Edson Borin","BORIN, EDSON","4","",,3,,,,,,,,
"AZEVEDO, RODOLFO","AZEVEDO, RODOLFO","5","2046981671187343",,3,,,,,,,,
"Edson Borin","BORIN, E.","1","",,4,,,,,,,,
"Rafael Auler","AULER, R.","2","5072043911907640",,4,,,,,,,,
"Edson Borin","BORIN, EDSON","1","",,5,,,,,,,,
"DEVLOO, PHILIPPE R.B.","DEVLOO, PHILIPPE R.B.","2","",,5,,,,,,,,
"VIEIRA, GILVAN S.","VIEIRA, GILVAN S.","3","",,5,,,,,,,,
"SHAUER, NATHAN","SHAUER, NATHAN","4","",,5,,,,,,,,
"Gabriel K. Bertazi","BERTAZI, G. K.","1","3118868194488436",,6,,,,,,,,
"Rafael Auler","AULER, R.","2","5072043911907640",,6,,,,,,,,
"Edson Borin","BORIN, E.","3","",,6,,,,,,,,
"Alexandro José Baldassin","BALDASSIN, Alexandro","1","",,7,,,,,,,,
"Edson Borin","BORIN, E.;BORIN, EDSON","2","4176915322233893",,7,,,,,,,,
"Guido Araujo","ARAUJO, Guido","3","",,7,,,,,,,,
"AULER, RAFAEL","AULER, RAFAEL","1","5072043911907640",,8,,,,,,,,
"MILLANI, CARLOS EDUARDO","MILLANI, CARLOS EDUARDO","2","",,8,,,,,,,,
"BRISIGHELLO, ALEXANDRE","BRISIGHELLO, ALEXANDRE","3","",,8,,,,,,,,
"LINHARES, ALISSON","LINHARES, ALISSON","4","",,8,,,,,,,,
"Edson Borin","BORIN, EDSON","5","",,8,,,,,,,,
"Flávia Pisani","PISANI, F.","1","",,9,,,,,,,,
"Daniel Carlos Guimarães Pedronette","PEDRONETTE, D. C. G.","2","3363615000303340",,9,,,,,,,,
"Ricardo da Silva Torres","TORRES, R. S.","3","3790201696145434",,9,,,,,,,,
"Edson Borin","BORIN, EDSON","4","",,9,,,,,,,,
"Caian Benedicto","BENEDICTO, C.","1","",,,0,,,,,,,
"Edson Borin","BORIN, E.","2","",,,0,,,,,,,
"Philippe Remy Bernard Devloo","DEVLOO, P. R. B.","3","6051486998967925",,,0,,,,,,,
"Rafael Auler","AULER, R.","1","5072043911907640",,,1,,,,,,,
"Edson Borin","BORIN, E.","2","",,,1,,,,,,,
"Daniel Nicácio","NICÁCIO, D.","1","",,,2,,,,,,,
"Wesley Attrot","ATTROT, W.","2","5644676140910061",,,2,,,,,,,
"Guido Araújo","ARAUJO, G.","3","8683914780987242",,,2,,,,,,,
"Edson Borin","BORIN, E.","4","",,,2,,,,,,,
"Edson Borin","BORIN, EDSON","1","",,,,0,,,,,,
"Jeferson Brunetta","BRUNETTA, J.","2","",,,,0,,,,,,
"João Batista Corrêa Gomes Moreira","MOREIRA, J. B. C. G.","3","6120040174866328",,,,0,,,,,,
"Sandro Rigo","RIGO, S.","4","8308517667746974",,,,0,,,,,,
"Juliana Freitag Borin","BORIN, J. F.","5","",,,,0,,,,,,
"Gustavo Pedrosa","PEDROSA, G.","6","",,,,0,,,,,,
"Edson Borin","BORIN, E.","1","",,,,1,,,,,,
"Rodolfo Azevedo","AZEVEDO, R.","2","2046981671187343",,,,1,,,,,,
"Guido Araújo","ARAUJO, G.","3","8683914780987242",,,,1,,,,,,
"Paulo Castro","CASTRO, P.","4","",,,,1,,,,,,
"Mauricio Breternitz Jr.","BRETERNITZ JR., M","1","",,,,,0,,,,,
"Youfeng Wu","WU, Y.","2","",,,,,0,,,,,
"Cheng Wang","WANG, C.","3","",,,,,0,,,,,
"Edson Borin","BORIN, E.","4","",,,,,0,,,,,
"Shiliang Hu","HU, S.","5","",,,,,0,,,,,
"Craig Zilles","ZILLES, C.","6","",,,,,0,,,,,
"Edson Borin","BORIN, E.","1","",,,,,1,,,,,
"Cheng Wang","WANG, C.","2","",,,,,1,,,,,
"Youfeng Wu","WU, Y.","3","",,,,,1,,,,,
"João Paulo Porto","PORTO, J. P.","1","6749787014203446",,,,,2,,,,,
"Edson Borin","BORIN, E.","2","",,,,,2,,,,,
"Youfeng Wu","WU, Y.","3","",,,,,2,,,,,
"Cheng Wang","WANG, C.","4","",,,,,2,,,,,
"Edson Borin","BORIN, E.","1","",,,,,3,,,,,
"Youfeng Wu","WU, Y.","2","",,,,,3,,,,,
"Edson Borin","BORIN, E.","1","",,,,,4,,,,,
"Mauricio Breternitz Jr.","BRETERNITZ JR., M","2","",,,,,4,,,,,
"Nir Bone","BONE, N.","3","",,,,,4,,,,,
"Shlomo Avni","AVNI, S.","4","",,,,,4,,,,,
"Youfeng Wu","WU, Y.","1","",,,,,5,,,,,
"Shiliang Hu","HU, S.","2","",,,,,5,,,,,
"Edson Borin","BORIN, E.","3","",,,,,5,,,,,
"Cheng Wang","WANG, C.","4","",,,,,5,,,,,
"Rafael Auler","AULER, R.","1","5072043911907640",,,,,6,,,,,
"Edson Borin","BORIN, E.","2","",,,,,6,,,,,
"Rodolfo Jardim de Azevedo","AZEVEDO, R. J.","3","",,,,,6,,,,,
"Bruno Cardoso Lopes","LOPES, B. C.","4","",,,,,6,,,,,
"Cheng Wang","WANG, C.","1","",,,,,7,,,,,
"Edson Borin","BORIN, E.","2","",,,,,7,,,,,
"Youfeng Wu","WU, Y.","3","",,,,,7,,,,,
"Shiliang Hu","HU, S.","4","",,,,,7,,,,,
"Wei Liu","LIU, W.","5","",,,,,7,,,,,
"Mauricio Breternitz Jr.","BRETERNITZ JR., M","6","",,,,,7,,,,,
"Edson Borin","BORIN, E.","1","",,,,,,0,,,,
"Cheng Wang","WANG, C.","2","",,,,,,0,,,,
"Youfeng Wu","WU, Y.","3","",,,,,,0,,,,
"Edson Borin","BORIN, E.","1","",,,,,,1,,,,
"Youfeng Wu","WU, Y.","2","",,,,,,1,,,,
"Edson Borin","BORIN, E.","1","",,,,,,2,,,,
"Mauricio Breternitz Jr.","BRETERNITZ JR., M","2","",,,,,,2,,,,
"Nir Bone","BONE, N.","3","",,,,,,2,,,,
"Shlomo Avni","AVNI, S.","4","",,,,,,2,,,,
"Cheng Wang","WANG, C.","1","",,,,,,3,,,,
"Edson Borin","BORIN, E.","2","",,,,,,3,,,,
"Youfeng Wu","WU, Y.","3","",,,,,,3,,,,
"Shiliang Hu","HU, S.","4","",,,,,,3,,,,
"Wei Liu","LIU, W.","5","",,,,,,3,,,,
"Mauricio Breternitz Jr.","BRETERNITZ JR., M","6","",,,,,,3,,,,
"Youfeng Wu","WU, Y.","1","",,,,,,4,,,,
"Shiliang Hu","HU, S.","2","",,,,,,4,,,,
"Edson Borin","BORIN, E.","3","",,,,,,4,,,,
"Cheng Wang","WANG, C.","4","",,,,,,4,,,,
"Mauricio Breternitz Jr.","BRETERNITZ JR., M","5","",,,,,,4,,,,
"Wei Liu","LIU, W.","6","",,,,,,4,,,,
"Edson Borin","BORIN, E.","1","",,,,,,,0,,,
"Cheng Wang","WANG, C.","2","",,,,,,,0,,,
"Youfeng Wu","WU, Y.","3","",,,,,,,0,,,
"Guido Araújo","ARAUJO, G.","4","8683914780987242",,,,,,,0,,,
"Divino César Soares Lucas","LUCAS, D. C. S.","1","5784915197936745",,,,,,,1,,,
"Rafael Dalibera","DALIBERA, R.","2","",,,,,,,1,,,
"Rafael Auler","AULER, R.","3","5072043911907640",,,,,,,1,,,
"Guido Araújo","ARAUJO, G.","4","8683914780987242",,,,,,,1,,,
"Sandro Rigo","RIGO, S.","5","8308517667746974",,,,,,,1,,,
"Edson Borin","BORIN, E.","6","",,,,,,,1,,,
"Edson Borin","BORIN, E.","1","",,,,,,,2,,,
"Edson Borin","BORIN, E.","1","",,,,,,,3,,,
"Edson Borin","BORIN, E.","1","",,,,,,,4,,,
"Youfeng Wu","WU, Y.","2","",,,,,,,4,,,
"Edson Borin","BORIN, E.","1","",,,,,,,5,,,
"Mauricio Breternitz Jr.","BRETERNITZ JR., M","2","",,,,,,,5,,,
"Youfeng Wu","WU, Y.","3","",,,,,,,5,,,
"Guido Araujo","ARAUJO, G.","4","8683914780987242",,,,,,,5,,,
"Carlos Millani","MILLANI, C.","1","",,,,,,,6,,,
"Alisson Linhares","LINHARES, A.","2","",,,,,,,6,,,
"Rafael Auler","AULER, R.","3","5072043911907640",,,,,,,6,,,
"Edson Borin","BORIN, E.","4","",,,,,,,6,,,
"Daniel Carlos Guimarães Pedronette","PEDRONETTE, D. C. G.","1","3363615000303340",,,,,,,7,,,
"Ricardo da Silva Torres","TORRES, R. S.","2","3790201696145434",,,,,,,7,,,
"Edson Borin","BORIN, E.","3","",,,,,,,7,,,
"Mauricio Breternitz Jr.","BRETERNITZ JR., M","4","",,,,,,,7,,,
"Edson Borin","BORIN, E.","1","",,,,,,,8,,,
"Youfeng Wu","WU, Y.","2","",,,,,,,8,,,
"Mauricio Breternitz Jr.","BRETERNITZ JR., M","3","",,,,,,,8,,,
"Cheng Wang","WANG, C.","4","",,,,,,,8,,,
"Edson Borin","BORIN, E.","1","",,,,,,,9,,,
"Philippe Remy Bernard Devloo","DEVLOO, P. R. B.","2","6051486998967925",,,,,,,9,,,
"Edson Borin","BORIN, E.","1","",,,,,,,10,,,
"Guido Araujo","ARAUJO, G.","2","8683914780987242",,,,,,,10,,,
"Mauricio Breternitz Jr.","BRETERNITZ JR., M","3","",,,,,,,10,,,
"Youfeng Wu","WU, Y.","4","",,,,,,,10,,,
"Edson Borin","BORIN, E.","1","",,,,,,,11,,,
"Youfeng Wu","WU, Y.","2","",,,,,,,11,,,
"Cheng Wang","WANG, C.","3","",,,,,,,11,,,
"Wei Liu","LIU, W.","4","",,,,,,,11,,,
"Mauricio Breternitz Jr.","BRETERNITZ JR., M","5","",,,,,,,11,,,
"Shiliang Hu","HU, S.","6","",,,,,,,11,,,
"Esfir Natanzon","NATANZON, ESFIR","7","",,,,,,,11,,,
"Shai Rotem","ROTEM, SHAI","8","",,,,,,,11,,,
"Roni Rosner","ROSNER, RONI","9","",,,,,,,11,,,
"Caian Benedicto","BENEDICTO, C.","1","",,,,,,,12,,,
"Edson Borin","BORIN, E.","2","",,,,,,,12,,,
"Philippe Remy Bernard Devloo","DEVLOO, P. R. B.","3","6051486998967925",,,,,,,12,,,
"Edson Borin","BORIN, E.","1","",,,,,,,13,,,
"Rafael Auler","AULER, R.","2","5072043911907640",,,,,,,13,,,
"Edson Borin","BORIN, E.","1","",,,,,,,14,,,
"Cheng Wang","WANG, C.","2","",,,,,,,14,,,
"Youfeng Wu","WU, Y.","3","",,,,,,,14,,,
"Guido Araujo","ARAUJO, G.","4","8683914780987242",,,,,,,14,,,
"Edson Borin","BORIN, E.","1","",,,,,,,15,,,
"Felipe Klein","KLEIN, F.","2","1606941011950531",,,,,,,15,,,
"Nahri Moreano","MOREANO, N.","3","7109611749276343",,,,,,,15,,,
"Rodolfo Azevedo","AZEVEDO, R.","4","2046981671187343",,,,,,,15,,,
"Guido Araujo","ARAUJO, G.","5","8683914780987242",,,,,,,15,,,
"Paulo Castro","CASTRO, P.","1","",,,,,,,16,,,
"Edson Borin","BORIN, E.","2","",,,,,,,16,,,
"Rodolfo Azevedo","AZEVEDO, R.","3","2046981671187343",,,,,,,16,,,
"Guido Araujo","ARAUJO, G.","4","8683914780987242",,,,,,,16,,,
"Edson Borin","BORIN, E.","1","",,,,,,,17,,,
"Youfeng Wu","WU, Y.","2","",,,,,,,17,,,
"Edson Borin","BORIN, E.","1","",,,,,,,,0,,
"Raul Baldin","BALDIN, R.","2","",,,,,,,,0,,
"Edson Borin","BORIN, E.","1","",,,,,,,,1,,
"Equipe Phoenix","PHOENIX, E.","2","",,,,,,,,1,,
"Edson Borin","BORIN, E.","1","",,,,,,,,2,,
"Edson Borin","BORIN, E.","1","",,,,,,,,,0,
"Rafael Auler","AULER, R.","2","5072043911907640",,,,,,,,,0,
"Edson Borin","BORIN, E.","1","",,,,,,,,,,0
"Edson Borin","BORIN, E.","1","",,,,,,,,,,1
"Anne Holler","Holler, Anne","1","",,,,,,,,,,2
"Edson Borin","BORIN, E.","2","",,,,,,,,,,2
"Uma Srinivasan","Srinivasan, Uma","3","",,,,,,,,,,2
"Edson Borin","BORIN, E.","1","",,,,,,,,,,3
"Rick McGeer","Rick McGeer","2","",,,,,,,,,,3
"Sally A. McKee","Sally A. McKee","3","",,,,,,,,,,3
"Edson Borin","BORIN, E.","1","",,,,,,,,,,4
"Naveen Neelakantam","NEELAKANTAM, N.","2","",,,,,,,,,,4
"Sally McKee","MCKEE, S.","3","",,,,,,,,,,4
"Rick McGeer","Rick McGeer","4","",,,,,,,,,,4
"Rodolfo Azevedo","AZEVEDO, R.","1","2046981671187343",,,,,,,,,,5
"Edson Borin","BORIN, E.","2","",,,,,,,,,,5
"Hermes Senger","SENGER, H.","3","",,,,,,,,,,5
"Sandro Rigo","RIGO, S.","4","8308517667746974",,,,,,,,,,5
"Luiz Fernando Bittencourt","BITTENCOURT, L. F.","5","",,,,,,,,,,5
"Edson Borin","BORIN, E.","1","",,,,,,,,,,6
"Andrea Charão","CHARAO, A.","2","",,,,,,,,,,6
"Mario Antonio Ribeiro Dantas","DANTAS, M. A. R.","1","",,,,,,,,,,7
"Edson Borin","BORIN, E.","2","",,,,,,,,,,7
"Viktor K. Prasanna","PRASANNA, V. K.","3","",,,,,,,,,,7
"Edson Borin","BORIN, E.","1","",,,,,,,,,,8
"Jean-Luc Gaudiot","GAUDIOT, J.","2","",,,,,,,,,,8
"Viktor K. Prasanna","PRASANNA, V. K.","3","",,,,,,,,,,8
"Edson Borin","BORIN, E.","1","",,,,,,,,,,9
